{
	"credit": "Made with Blockbench",
	"textures": {
		"0": "item/battery",
		"particle": "item/battery"
	},
	"elements": [
		{
			"from": [6, 0, 6],
			"to": [13, 3, 9],
			"rotation": {"angle": 0, "axis": "y", "origin": [14, 8, 16]},
			"faces": {
				"north": {"uv": [0, 0, 7, 3], "texture": "#0"},
				"east": {"uv": [7, 0, 10, 3], "texture": "#0"},
				"south": {"uv": [0, 3, 7, 6], "texture": "#0"},
				"west": {"uv": [7, 3, 10, 6], "texture": "#0"},
				"up": {"uv": [7, 9, 0, 6], "texture": "#0"},
				"down": {"uv": [14, 7, 7, 10], "texture": "#0"}
			}
		},
		{
			"from": [13, 1, 7],
			"to": [14, 2, 8],
			"rotation": {"angle": 0, "axis": "y", "origin": [21, 8, 16]},
			"faces": {
				"north": {"uv": [7, 6, 8, 7], "texture": "#0"},
				"east": {"uv": [8, 6, 9, 7], "texture": "#0"},
				"south": {"uv": [0, 9, 1, 10], "texture": "#0"},
				"west": {"uv": [1, 9, 2, 10], "texture": "#0"},
				"up": {"uv": [3, 10, 2, 9], "texture": "#0"},
				"down": {"uv": [4, 9, 3, 10], "texture": "#0"}
			}
		}
	],
	"display": {
		"thirdperson_righthand": {
			"rotation": [90, 90, 0],
			"translation": [0.5, -3.25, 5.5]
		},
		"thirdperson_lefthand": {
			"rotation": [91, -91, 0],
			"translation": [-0.5, -3, 5.75]
		},
		"firstperson_righthand": {
			"rotation": [13, 143, 0],
			"translation": [0, 7.25, 1]
		},
		"firstperson_lefthand": {
			"rotation": [-9, -44, 0],
			"translation": [0, 8.25, 1.5]
		},
		"ground": {
			"translation": [0, 4.25, 0]
		},
		"gui": {
			"rotation": [30, -45, 0],
			"translation": [-1.25, 6.25, 0]
		},
		"head": {
			"translation": [0, 10, -6.75]
		},
		"fixed": {
			"translation": [-1.5, 6.25, 0]
		}
	},
	"groups": [
		{
			"name": "group",
			"origin": [8, 8, 8],
			"children": [0, 1]
		}
	]
}