{
	"credit": "Made with Blockbench",
	"texture_size": [32, 32],
	"textures": {
		"0": "item/beskarsword",
		"particle": "item/beskarsword"
	},
	"elements": [
		{
			"from": [12, 0, 1],
			"to": [15, 1, 4],
			"rotation": {"angle": 0, "axis": "y", "origin": [22, 8, 9]},
			"faces": {
				"north": {"uv": [3.5, 0, 5, 0.5], "texture": "#0"},
				"east": {"uv": [3.5, 0.5, 5, 1], "texture": "#0"},
				"south": {"uv": [3.5, 1, 5, 1.5], "texture": "#0"},
				"west": {"uv": [3.5, 1.5, 5, 2], "texture": "#0"},
				"up": {"uv": [1.5, 1.5, 0, 0], "texture": "#0"},
				"down": {"uv": [1.5, 1.5, 0, 3], "texture": "#0"}
			}
		},
		{
			"from": [11, 0, 4],
			"to": [13, 1, 5],
			"rotation": {"angle": 0, "axis": "y", "origin": [19, 8, 12]},
			"faces": {
				"north": {"uv": [6, 6, 7, 6.5], "texture": "#0"},
				"east": {"uv": [3, 4, 3.5, 4.5], "texture": "#0"},
				"south": {"uv": [6, 3.5, 7, 4], "texture": "#0"},
				"west": {"uv": [1, 6.5, 1.5, 7], "texture": "#0"},
				"up": {"uv": [7, 4.5, 6, 4], "texture": "#0"},
				"down": {"uv": [1, 6.5, 0, 7], "texture": "#0"}
			}
		},
		{
			"from": [10, 0, 5],
			"to": [12, 1, 6],
			"rotation": {"angle": 0, "axis": "y", "origin": [18, 8, 13]},
			"faces": {
				"north": {"uv": [6, 6.5, 7, 7], "texture": "#0"},
				"east": {"uv": [4, 7, 4.5, 7.5], "texture": "#0"},
				"south": {"uv": [6.5, 1.5, 7.5, 2], "texture": "#0"},
				"west": {"uv": [8, 6, 8.5, 6.5], "texture": "#0"},
				"up": {"uv": [7.5, 2.5, 6.5, 2], "texture": "#0"},
				"down": {"uv": [7.5, 2.5, 6.5, 3], "texture": "#0"}
			}
		},
		{
			"from": [9, 0, 6],
			"to": [11, 1, 9],
			"rotation": {"angle": 0, "axis": "y", "origin": [17, 8, 14]},
			"faces": {
				"north": {"uv": [6.5, 3, 7.5, 3.5], "texture": "#0"},
				"east": {"uv": [3.5, 2, 5, 2.5], "texture": "#0"},
				"south": {"uv": [6.5, 4.5, 7.5, 5], "texture": "#0"},
				"west": {"uv": [3.5, 2.5, 5, 3], "texture": "#0"},
				"up": {"uv": [2.5, 3, 1.5, 1.5], "texture": "#0"},
				"down": {"uv": [2.5, 0, 1.5, 1.5], "texture": "#0"}
			}
		},
		{
			"from": [11, 0, 3],
			"to": [12, 1, 4],
			"rotation": {"angle": 0, "axis": "y", "origin": [19, 8, 11]},
			"faces": {
				"north": {"uv": [8, 6.5, 8.5, 7], "texture": "#0"},
				"east": {"uv": [8, 7, 8.5, 7.5], "texture": "#0"},
				"south": {"uv": [8, 7.5, 8.5, 8], "texture": "#0"},
				"west": {"uv": [0, 8.5, 0.5, 9], "texture": "#0"},
				"up": {"uv": [1, 9, 0.5, 8.5], "texture": "#0"},
				"down": {"uv": [1.5, 8.5, 1, 9], "texture": "#0"}
			}
		},
		{
			"from": [10, 0, 4],
			"to": [11, 1, 5],
			"rotation": {"angle": 0, "axis": "y", "origin": [18, 8, 12]},
			"faces": {
				"north": {"uv": [1.5, 8.5, 2, 9], "texture": "#0"},
				"east": {"uv": [2, 8.5, 2.5, 9], "texture": "#0"},
				"south": {"uv": [2.5, 8.5, 3, 9], "texture": "#0"},
				"west": {"uv": [3, 8.5, 3.5, 9], "texture": "#0"},
				"up": {"uv": [4, 9, 3.5, 8.5], "texture": "#0"},
				"down": {"uv": [4.5, 8.5, 4, 9], "texture": "#0"}
			}
		},
		{
			"from": [7, 0, 5],
			"to": [10, 1, 6],
			"rotation": {"angle": 0, "axis": "y", "origin": [17, 8, 13]},
			"faces": {
				"north": {"uv": [3.5, 3, 5, 3.5], "texture": "#0"},
				"east": {"uv": [4.5, 8.5, 5, 9], "texture": "#0"},
				"south": {"uv": [0, 4, 1.5, 4.5], "texture": "#0"},
				"west": {"uv": [5, 8.5, 5.5, 9], "texture": "#0"},
				"up": {"uv": [3, 4.5, 1.5, 4], "texture": "#0"},
				"down": {"uv": [1.5, 4.5, 0, 5], "texture": "#0"}
			}
		},
		{
			"from": [7, 0, 4],
			"to": [9, 1, 5],
			"rotation": {"angle": 0, "axis": "y", "origin": [17, 8, 12]},
			"faces": {
				"north": {"uv": [0, 7, 1, 7.5], "texture": "#0"},
				"east": {"uv": [5.5, 8.5, 6, 9], "texture": "#0"},
				"south": {"uv": [1, 7, 2, 7.5], "texture": "#0"},
				"west": {"uv": [6, 8.5, 6.5, 9], "texture": "#0"},
				"up": {"uv": [3, 7.5, 2, 7], "texture": "#0"},
				"down": {"uv": [4, 7, 3, 7.5], "texture": "#0"}
			}
		},
		{
			"from": [11, 0, 7],
			"to": [12, 1, 9],
			"rotation": {"angle": 0, "axis": "y", "origin": [21, 8, 15]},
			"faces": {
				"north": {"uv": [6.5, 8.5, 7, 9], "texture": "#0"},
				"east": {"uv": [6, 7, 7, 7.5], "texture": "#0"},
				"south": {"uv": [7, 8.5, 7.5, 9], "texture": "#0"},
				"west": {"uv": [7, 7, 8, 7.5], "texture": "#0"},
				"up": {"uv": [2.5, 4, 2, 3], "texture": "#0"},
				"down": {"uv": [5.5, 6.5, 5, 7.5], "texture": "#0"}
			}
		},
		{
			"from": [10, 0, 9],
			"to": [11, 1, 10],
			"rotation": {"angle": 0, "axis": "y", "origin": [20, 8, 17]},
			"faces": {
				"north": {"uv": [7.5, 8.5, 8, 9], "texture": "#0"},
				"east": {"uv": [8, 8.5, 8.5, 9], "texture": "#0"},
				"south": {"uv": [8.5, 8.5, 9, 9], "texture": "#0"},
				"west": {"uv": [8.5, 1.5, 9, 2], "texture": "#0"},
				"up": {"uv": [9, 2.5, 8.5, 2], "texture": "#0"},
				"down": {"uv": [9, 2.5, 8.5, 3], "texture": "#0"}
			}
		},
		{
			"from": [11, 0, 9],
			"to": [13, 1, 11],
			"rotation": {"angle": 0, "axis": "y", "origin": [21, 8, 17]},
			"faces": {
				"north": {"uv": [7, 0, 8, 0.5], "texture": "#0"},
				"east": {"uv": [7, 0.5, 8, 1], "texture": "#0"},
				"south": {"uv": [7, 1, 8, 1.5], "texture": "#0"},
				"west": {"uv": [7, 3.5, 8, 4], "texture": "#0"},
				"up": {"uv": [3.5, 2.5, 2.5, 1.5], "texture": "#0"},
				"down": {"uv": [1, 3, 0, 4], "texture": "#0"}
			}
		},
		{
			"from": [6, 0, 5],
			"to": [7, 1, 6],
			"rotation": {"angle": 0, "axis": "y", "origin": [15, 8, 13]},
			"faces": {
				"north": {"uv": [8.5, 3, 9, 3.5], "texture": "#0"},
				"east": {"uv": [8.5, 4.5, 9, 5], "texture": "#0"},
				"south": {"uv": [8.5, 6, 9, 6.5], "texture": "#0"},
				"west": {"uv": [8.5, 6.5, 9, 7], "texture": "#0"},
				"up": {"uv": [9, 7.5, 8.5, 7], "texture": "#0"},
				"down": {"uv": [9, 7.5, 8.5, 8], "texture": "#0"}
			}
		},
		{
			"from": [5, 0, 3],
			"to": [7, 1, 5],
			"rotation": {"angle": 0, "axis": "y", "origin": [15, 8, 12]},
			"faces": {
				"north": {"uv": [7, 4, 8, 4.5], "texture": "#0"},
				"east": {"uv": [7, 5, 8, 5.5], "texture": "#0"},
				"south": {"uv": [7, 5.5, 8, 6], "texture": "#0"},
				"west": {"uv": [7, 6, 8, 6.5], "texture": "#0"},
				"up": {"uv": [2, 4, 1, 3], "texture": "#0"},
				"down": {"uv": [4.5, 3.5, 3.5, 4.5], "texture": "#0"}
			}
		},
		{
			"from": [6, 0, 7],
			"to": [7, 1, 10],
			"rotation": {"angle": 0, "axis": "y", "origin": [15, 8, 14]},
			"faces": {
				"north": {"uv": [0, 9, 0.5, 9.5], "texture": "#0"},
				"east": {"uv": [1.5, 4.5, 3, 5], "texture": "#0"},
				"south": {"uv": [0.5, 9, 1, 9.5], "texture": "#0"},
				"west": {"uv": [3, 4.5, 4.5, 5], "texture": "#0"},
				"up": {"uv": [5, 6, 4.5, 4.5], "texture": "#0"},
				"down": {"uv": [0.5, 5, 0, 6.5], "texture": "#0"}
			}
		},
		{
			"from": [5, 0, 8],
			"to": [6, 1, 11],
			"rotation": {"angle": 0, "axis": "y", "origin": [14, 8, 15]},
			"faces": {
				"north": {"uv": [1, 9, 1.5, 9.5], "texture": "#0"},
				"east": {"uv": [4.5, 3.5, 6, 4], "texture": "#0"},
				"south": {"uv": [1.5, 9, 2, 9.5], "texture": "#0"},
				"west": {"uv": [4.5, 4, 6, 4.5], "texture": "#0"},
				"up": {"uv": [1, 6.5, 0.5, 5], "texture": "#0"},
				"down": {"uv": [1.5, 5, 1, 6.5], "texture": "#0"}
			}
		},
		{
			"from": [4, 0, 9],
			"to": [5, 1, 12],
			"rotation": {"angle": 0, "axis": "y", "origin": [13, 8, 16]},
			"faces": {
				"north": {"uv": [2, 9, 2.5, 9.5], "texture": "#0"},
				"east": {"uv": [1.5, 5, 3, 5.5], "texture": "#0"},
				"south": {"uv": [2.5, 9, 3, 9.5], "texture": "#0"},
				"west": {"uv": [3, 5, 4.5, 5.5], "texture": "#0"},
				"up": {"uv": [5.5, 6.5, 5, 5], "texture": "#0"},
				"down": {"uv": [5.5, 0, 5, 1.5], "texture": "#0"}
			}
		},
		{
			"from": [3, 0, 10],
			"to": [4, 1, 13],
			"rotation": {"angle": 0, "axis": "y", "origin": [12, 8, 17]},
			"faces": {
				"north": {"uv": [3, 9, 3.5, 9.5], "texture": "#0"},
				"east": {"uv": [5, 1.5, 6.5, 2], "texture": "#0"},
				"south": {"uv": [3.5, 9, 4, 9.5], "texture": "#0"},
				"west": {"uv": [5, 2, 6.5, 2.5], "texture": "#0"},
				"up": {"uv": [2, 7, 1.5, 5.5], "texture": "#0"},
				"down": {"uv": [2.5, 5.5, 2, 7], "texture": "#0"}
			}
		},
		{
			"from": [2, 0, 11],
			"to": [3, 1, 14],
			"rotation": {"angle": 0, "axis": "y", "origin": [11, 8, 18]},
			"faces": {
				"north": {"uv": [4, 9, 4.5, 9.5], "texture": "#0"},
				"east": {"uv": [5, 2.5, 6.5, 3], "texture": "#0"},
				"south": {"uv": [4.5, 9, 5, 9.5], "texture": "#0"},
				"west": {"uv": [5, 3, 6.5, 3.5], "texture": "#0"},
				"up": {"uv": [3, 7, 2.5, 5.5], "texture": "#0"},
				"down": {"uv": [3.5, 5.5, 3, 7], "texture": "#0"}
			}
		},
		{
			"from": [1, 0, 12],
			"to": [2, 1, 15],
			"rotation": {"angle": 0, "axis": "y", "origin": [10, 8, 19]},
			"faces": {
				"north": {"uv": [5, 9, 5.5, 9.5], "texture": "#0"},
				"east": {"uv": [5, 4.5, 6.5, 5], "texture": "#0"},
				"south": {"uv": [5.5, 9, 6, 9.5], "texture": "#0"},
				"west": {"uv": [5.5, 5.5, 7, 6], "texture": "#0"},
				"up": {"uv": [4, 7, 3.5, 5.5], "texture": "#0"},
				"down": {"uv": [4.5, 5.5, 4, 7], "texture": "#0"}
			}
		},
		{
			"from": [0, 0, 13],
			"to": [1, 1, 16],
			"rotation": {"angle": 0, "axis": "y", "origin": [9, 8, 20]},
			"faces": {
				"north": {"uv": [6, 9, 6.5, 9.5], "texture": "#0"},
				"east": {"uv": [5.5, 0, 7, 0.5], "texture": "#0"},
				"south": {"uv": [6.5, 9, 7, 9.5], "texture": "#0"},
				"west": {"uv": [5.5, 0.5, 7, 1], "texture": "#0"},
				"up": {"uv": [5, 7.5, 4.5, 6], "texture": "#0"},
				"down": {"uv": [6, 6, 5.5, 7.5], "texture": "#0"}
			}
		},
		{
			"from": [7, 0, 9],
			"to": [9, 1, 10],
			"rotation": {"angle": 0, "axis": "y", "origin": [16, 8, 14]},
			"faces": {
				"north": {"uv": [7, 6.5, 8, 7], "texture": "#0"},
				"east": {"uv": [7, 9, 7.5, 9.5], "texture": "#0"},
				"south": {"uv": [0, 7.5, 1, 8], "texture": "#0"},
				"west": {"uv": [7.5, 9, 8, 9.5], "texture": "#0"},
				"up": {"uv": [2, 8, 1, 7.5], "texture": "#0"},
				"down": {"uv": [3, 7.5, 2, 8], "texture": "#0"}
			}
		},
		{
			"from": [6, 0, 10],
			"to": [8, 1, 11],
			"rotation": {"angle": 0, "axis": "y", "origin": [15, 8, 15]},
			"faces": {
				"north": {"uv": [3, 7.5, 4, 8], "texture": "#0"},
				"east": {"uv": [8, 9, 8.5, 9.5], "texture": "#0"},
				"south": {"uv": [4, 7.5, 5, 8], "texture": "#0"},
				"west": {"uv": [8.5, 9, 9, 9.5], "texture": "#0"},
				"up": {"uv": [6, 8, 5, 7.5], "texture": "#0"},
				"down": {"uv": [7, 7.5, 6, 8], "texture": "#0"}
			}
		},
		{
			"from": [5, 0, 11],
			"to": [7, 1, 12],
			"rotation": {"angle": 0, "axis": "y", "origin": [14, 8, 16]},
			"faces": {
				"north": {"uv": [7, 7.5, 8, 8], "texture": "#0"},
				"east": {"uv": [9, 9, 9.5, 9.5], "texture": "#0"},
				"south": {"uv": [7.5, 1.5, 8.5, 2], "texture": "#0"},
				"west": {"uv": [9, 0, 9.5, 0.5], "texture": "#0"},
				"up": {"uv": [8.5, 2.5, 7.5, 2], "texture": "#0"},
				"down": {"uv": [8.5, 2.5, 7.5, 3], "texture": "#0"}
			}
		},
		{
			"from": [4, 0, 12],
			"to": [6, 1, 13],
			"rotation": {"angle": 0, "axis": "y", "origin": [13, 8, 17]},
			"faces": {
				"north": {"uv": [7.5, 3, 8.5, 3.5], "texture": "#0"},
				"east": {"uv": [9, 0.5, 9.5, 1], "texture": "#0"},
				"south": {"uv": [7.5, 4.5, 8.5, 5], "texture": "#0"},
				"west": {"uv": [9, 1, 9.5, 1.5], "texture": "#0"},
				"up": {"uv": [1, 8.5, 0, 8], "texture": "#0"},
				"down": {"uv": [2, 8, 1, 8.5], "texture": "#0"}
			}
		},
		{
			"from": [3, 0, 13],
			"to": [5, 1, 14],
			"rotation": {"angle": 0, "axis": "y", "origin": [12, 8, 18]},
			"faces": {
				"north": {"uv": [2, 8, 3, 8.5], "texture": "#0"},
				"east": {"uv": [9, 1.5, 9.5, 2], "texture": "#0"},
				"south": {"uv": [3, 8, 4, 8.5], "texture": "#0"},
				"west": {"uv": [9, 2, 9.5, 2.5], "texture": "#0"},
				"up": {"uv": [5, 8.5, 4, 8], "texture": "#0"},
				"down": {"uv": [6, 8, 5, 8.5], "texture": "#0"}
			}
		},
		{
			"from": [2, 0, 14],
			"to": [4, 1, 15],
			"rotation": {"angle": 0, "axis": "y", "origin": [11, 8, 19]},
			"faces": {
				"north": {"uv": [6, 8, 7, 8.5], "texture": "#0"},
				"east": {"uv": [9, 2.5, 9.5, 3], "texture": "#0"},
				"south": {"uv": [7, 8, 8, 8.5], "texture": "#0"},
				"west": {"uv": [9, 3, 9.5, 3.5], "texture": "#0"},
				"up": {"uv": [9, 8.5, 8, 8], "texture": "#0"},
				"down": {"uv": [9, 0, 8, 0.5], "texture": "#0"}
			}
		},
		{
			"from": [1, 0, 15],
			"to": [3, 1, 16],
			"rotation": {"angle": 0, "axis": "y", "origin": [10, 8, 20]},
			"faces": {
				"north": {"uv": [8, 0.5, 9, 1], "texture": "#0"},
				"east": {"uv": [9, 3.5, 9.5, 4], "texture": "#0"},
				"south": {"uv": [8, 1, 9, 1.5], "texture": "#0"},
				"west": {"uv": [9, 4, 9.5, 4.5], "texture": "#0"},
				"up": {"uv": [9, 4, 8, 3.5], "texture": "#0"},
				"down": {"uv": [9, 4, 8, 4.5], "texture": "#0"}
			}
		},
		{
			"from": [7, 0, 6],
			"to": [9, 1, 9],
			"rotation": {"angle": 0, "axis": "y", "origin": [17, 8, 14]},
			"faces": {
				"north": {"uv": [8, 5, 9, 5.5], "texture": "#0"},
				"east": {"uv": [5.5, 1, 7, 1.5], "texture": "#0"},
				"south": {"uv": [8, 5.5, 9, 6], "texture": "#0"},
				"west": {"uv": [5.5, 5, 7, 5.5], "texture": "#0"},
				"up": {"uv": [3.5, 4, 2.5, 2.5], "texture": "#0"},
				"down": {"uv": [3.5, 0, 2.5, 1.5], "texture": "#0"}
			}
		}
	],
	"display": {
		"thirdperson_righthand": {
			"rotation": [-35, 0, -90],
			"translation": [7.5, 2.5, 0.25]
		},
		"thirdperson_lefthand": {
			"rotation": [-136, 0, -91],
			"translation": [7, 3.5, -0.5]
		},
		"firstperson_righthand": {
			"rotation": [61, -180, -90],
			"translation": [-4.75, 3, -1.25]
		},
		"firstperson_lefthand": {
			"rotation": [149, -180, -85],
			"translation": [-5.75, 3.75, 0]
		},
		"ground": {
			"rotation": [-90, 0, 0],
			"translation": [0, 6, -8]
		},
		"gui": {
			"rotation": [90, -180, 0],
			"translation": [-0.5, -0.5, -0.25]
		},
		"head": {
			"rotation": [0, 44, 41],
			"translation": [-18, 25, -25],
			"scale": [4, 4, 4]
		},
		"fixed": {
			"rotation": [-90, 0, 0],
			"translation": [0, 0, -7.75]
		}
	},
	"groups": [
		{
			"name": "group",
			"origin": [8, 8, 8],
			"children": [0, 1, 2, 3, 4, 5, 6, 7, 8, 9, 10, 11, 12, 13, 14, 15, 16, 17, 18, 19, 20, 21, 22, 23, 24, 25, 26, 27]
		}
	]
}