{
	"credit": "Made with Blockbench",
	"texture_size": [128, 128],
	"textures": {
		"0": "item/xwing",
		"particle": "item/xwing"
	},
	"elements": [
		{
			"from": [3.25, 6, 15],
			"to": [13.25, 20, 32],
			"rotation": {"angle": 0, "axis": "y", "origin": [8, 8, 21]},
			"faces": {
				"north": {"uv": [6.375, 4, 7.625, 5.75], "texture": "#0"},
				"east": {"uv": [4, 6.125, 6.125, 7.875], "texture": "#0"},
				"south": {"uv": [7.375, 0, 8.625, 1.75], "texture": "#0"},
				"west": {"uv": [6.125, 6.125, 8.25, 7.875], "texture": "#0"},
				"up": {"uv": [3.25, 8.375, 2, 6.25], "texture": "#0"},
				"down": {"uv": [7.5, 1.875, 6.25, 4], "texture": "#0"}
			}
		},
		{
			"from": [16.25, 16, 15],
			"to": [19.25, 19, 30],
			"rotation": {"angle": 0, "axis": "y", "origin": [18, 8, 21]},
			"faces": {
				"north": {"uv": [9, 6.5, 9.375, 6.875], "texture": "#0"},
				"east": {"uv": [7.625, 4.25, 9.5, 4.625], "texture": "#0"},
				"south": {"uv": [9, 6.875, 9.375, 7.25], "texture": "#0"},
				"west": {"uv": [7.625, 4.625, 9.5, 5], "texture": "#0"},
				"up": {"uv": [5.125, 9.75, 4.75, 7.875], "texture": "#0"},
				"down": {"uv": [5.5, 7.875, 5.125, 9.75], "texture": "#0"}
			}
		},
		{
			"from": [-1.75, 16, 15],
			"to": [1.25, 19, 30],
			"rotation": {"angle": 0, "axis": "y", "origin": [0, 8, 21]},
			"faces": {
				"north": {"uv": [8.625, 6.5, 9, 6.875], "texture": "#0"},
				"east": {"uv": [4.25, 3.75, 6.125, 4.125], "texture": "#0"},
				"south": {"uv": [8.625, 6.875, 9, 7.25], "texture": "#0"},
				"west": {"uv": [6.375, 5.75, 8.25, 6.125], "texture": "#0"},
				"up": {"uv": [4.375, 9.75, 4, 7.875], "texture": "#0"},
				"down": {"uv": [4.75, 7.875, 4.375, 9.75], "texture": "#0"}
			}
		},
		{
			"from": [5.25, 16, 7],
			"to": [11.25, 20, 15],
			"rotation": {"angle": 0, "axis": "y", "origin": [8, 8, 4]},
			"faces": {
				"north": {"uv": [8.625, 1.25, 9.375, 1.75], "texture": "#0"},
				"east": {"uv": [3.25, 1.875, 4.25, 2.375], "texture": "#0"},
				"south": {"uv": [8.625, 2.875, 9.375, 3.375], "texture": "#0"},
				"west": {"uv": [7, 8.625, 8, 9.125], "texture": "#0"},
				"up": {"uv": [4, 7.25, 3.25, 6.25], "texture": "#0"},
				"down": {"uv": [4, 7.25, 3.25, 8.25], "texture": "#0"}
			}
		},
		{
			"from": [-16, 21, 16],
			"to": [0.25, 22, 31],
			"rotation": {"angle": -22.5, "axis": "z", "origin": [-7, 11, 21]},
			"faces": {
				"north": {"uv": [8.625, 3.5, 10.625, 3.625], "texture": "#0"},
				"east": {"uv": [8.625, 4, 10.5, 4.125], "texture": "#0"},
				"south": {"uv": [8.625, 3.625, 10.625, 3.75], "texture": "#0"},
				"west": {"uv": [8.625, 4.125, 10.5, 4.25], "texture": "#0"},
				"up": {"uv": [6.25, 3.75, 4.25, 1.875], "texture": "#0"},
				"down": {"uv": [2, 4.375, 0, 6.25], "texture": "#0"}
			}
		},
		{
			"from": [-12.10656, 5.57364, 16],
			"to": [4.14344, 6.57364, 31],
			"rotation": {"angle": 22.5, "axis": "z", "origin": [-3.98156, 6.57364, 23.5]},
			"faces": {
				"north": {"uv": [8.625, 3.75, 10.625, 3.875], "texture": "#0"},
				"east": {"uv": [8.625, 5.75, 10.5, 5.875], "texture": "#0"},
				"south": {"uv": [8.625, 3.875, 10.625, 4], "texture": "#0"},
				"west": {"uv": [8.625, 5.875, 10.5, 6], "texture": "#0"},
				"up": {"uv": [4, 6.25, 2, 4.375], "texture": "#0"},
				"down": {"uv": [7.375, 0, 5.375, 1.875], "texture": "#0"}
			}
		},
		{
			"from": [15.15, 21, 16],
			"to": [32, 22, 31],
			"rotation": {"angle": 22.5, "axis": "z", "origin": [23.9, 11, 21]},
			"faces": {
				"north": {"uv": [4.25, 4.125, 6.375, 4.25], "texture": "#0"},
				"east": {"uv": [8.625, 6, 10.5, 6.125], "texture": "#0"},
				"south": {"uv": [8.25, 7.625, 10.375, 7.75], "texture": "#0"},
				"west": {"uv": [8.625, 6.125, 10.5, 6.25], "texture": "#0"},
				"up": {"uv": [2.125, 4.375, 0, 2.5], "texture": "#0"},
				"down": {"uv": [4.25, 2.5, 2.125, 4.375], "texture": "#0"}
			}
		},
		{
			"from": [11.3479, 5.41442, 16],
			"to": [28.1979, 6.41442, 31],
			"rotation": {"angle": -22.5, "axis": "z", "origin": [19.7729, 6.41442, 23.5]},
			"faces": {
				"north": {"uv": [8.25, 7.75, 10.375, 7.875], "texture": "#0"},
				"east": {"uv": [8.625, 6.25, 10.5, 6.375], "texture": "#0"},
				"south": {"uv": [8.625, 3.375, 10.75, 3.5], "texture": "#0"},
				"west": {"uv": [8.625, 6.375, 10.5, 6.5], "texture": "#0"},
				"up": {"uv": [5.375, 1.875, 3.25, 0], "texture": "#0"},
				"down": {"uv": [6.375, 4.25, 4.25, 6.125], "texture": "#0"}
			}
		},
		{
			"from": [25.3479, 4.41442, 4],
			"to": [28.1979, 7.41442, 16],
			"rotation": {"angle": -22.5, "axis": "z", "origin": [19.7729, 6.41442, 23.5]},
			"faces": {
				"north": {"uv": [7, 9.125, 7.375, 9.5], "texture": "#0"},
				"east": {"uv": [7.625, 5, 9.125, 5.375], "texture": "#0"},
				"south": {"uv": [7.375, 9.125, 7.75, 9.5], "texture": "#0"},
				"west": {"uv": [7.625, 5.375, 9.125, 5.75], "texture": "#0"},
				"up": {"uv": [5.875, 9.375, 5.5, 7.875], "texture": "#0"},
				"down": {"uv": [6.25, 7.875, 5.875, 9.375], "texture": "#0"}
			}
		},
		{
			"from": [-10.6521, 24.41442, 4],
			"to": [-7.8021, 27.41442, 16],
			"rotation": {"angle": -22.5, "axis": "z", "origin": [-16.2271, 26.41442, 23.5]},
			"faces": {
				"north": {"uv": [9.125, 5, 9.5, 5.375], "texture": "#0"},
				"east": {"uv": [6.25, 7.875, 7.75, 8.25], "texture": "#0"},
				"south": {"uv": [9.125, 5.375, 9.5, 5.75], "texture": "#0"},
				"west": {"uv": [7.75, 7.875, 9.25, 8.25], "texture": "#0"},
				"up": {"uv": [3.625, 9.75, 3.25, 8.25], "texture": "#0"},
				"down": {"uv": [4, 8.25, 3.625, 9.75], "texture": "#0"}
			}
		},
		{
			"from": [24.62372, 21.6737, 4],
			"to": [27.47372, 24.6737, 16],
			"rotation": {"angle": 22.5, "axis": "z", "origin": [26.04872, 23.1737, 10]},
			"faces": {
				"north": {"uv": [9.25, 9.25, 9.625, 9.625], "texture": "#0"},
				"east": {"uv": [6.25, 8.25, 7.75, 8.625], "texture": "#0"},
				"south": {"uv": [9.25, 2.125, 9.625, 2.5], "texture": "#0"},
				"west": {"uv": [7.75, 8.25, 9.25, 8.625], "texture": "#0"},
				"up": {"uv": [8.625, 7.25, 8.25, 5.75], "texture": "#0"},
				"down": {"uv": [2.375, 8.375, 2, 9.875], "texture": "#0"}
			}
		},
		{
			"from": [-11.37628, 1.6737, 4],
			"to": [-8.52628, 4.6737, 16],
			"rotation": {"angle": 22.5, "axis": "z", "origin": [-9.95128, 3.1737, 10]},
			"faces": {
				"north": {"uv": [9.25, 2.5, 9.625, 2.875], "texture": "#0"},
				"east": {"uv": [8.25, 7.25, 9.75, 7.625], "texture": "#0"},
				"south": {"uv": [9.25, 7.875, 9.625, 8.25], "texture": "#0"},
				"west": {"uv": [8.5, 1.75, 10, 2.125], "texture": "#0"},
				"up": {"uv": [2.75, 9.875, 2.375, 8.375], "texture": "#0"},
				"down": {"uv": [3.125, 8.375, 2.75, 9.875], "texture": "#0"}
			}
		},
		{
			"from": [4.25, 6, -11],
			"to": [12.25, 16, 15],
			"rotation": {"angle": 0, "axis": "y", "origin": [8.25, 8, 14]},
			"faces": {
				"north": {"uv": [7.5, 1.75, 8.5, 3], "texture": "#0"},
				"east": {"uv": [0, 0, 3.25, 1.25], "texture": "#0"},
				"south": {"uv": [7.625, 3, 8.625, 4.25], "texture": "#0"},
				"west": {"uv": [0, 1.25, 3.25, 2.5], "texture": "#0"},
				"up": {"uv": [1, 9.5, 0, 6.25], "texture": "#0"},
				"down": {"uv": [2, 6.25, 1, 9.5], "texture": "#0"}
			}
		},
		{
			"from": [5.25, 8, -16],
			"to": [11.25, 14, -11],
			"rotation": {"angle": 0, "axis": "y", "origin": [8.25, 8, 9]},
			"faces": {
				"north": {"uv": [8.5, 2.125, 9.25, 2.875], "texture": "#0"},
				"east": {"uv": [8, 8.625, 8.625, 9.375], "texture": "#0"},
				"south": {"uv": [6.25, 8.625, 7, 9.375], "texture": "#0"},
				"west": {"uv": [8.625, 8.625, 9.25, 9.375], "texture": "#0"},
				"up": {"uv": [9.375, 0.625, 8.625, 0], "texture": "#0"},
				"down": {"uv": [9.375, 0.625, 8.625, 1.25], "texture": "#0"}
			}
		}
	],
	"display": {
		"thirdperson_righthand": {
			"scale": [4, 4, 4]
		},
		"ground": {
			"scale": [4, 4, 4]
		},
		"gui": {
			"scale": [4, 4, 4]
		},
		"head": {
			"scale": [4, 4, 4]
		}
	},
	"groups": [
		{
			"name": "group",
			"origin": [8, 8, 8],
			"children": [0, 1, 2, 3, 4, 5, 6, 7, 8, 9, 10, 11, 12, 13]
		}
	]
}