{
	"credit": "Made with Blockbench",
	"texture_size": [64, 64],
	"textures": {
		"0": "item/thechild",
		"particle": "item/thechild"
	},
	"elements": [
		{
			"from": [3, 1, 4],
			"to": [11, 3, 12],
			"rotation": {"angle": 0, "axis": "y", "origin": [19, 10, 14]},
			"faces": {
				"north": {"uv": [4.75, 4.25, 6.75, 4.75], "texture": "#0"},
				"east": {"uv": [7.5, 4.5, 9.5, 5], "texture": "#0"},
				"south": {"uv": [7.5, 5, 9.5, 5.5], "texture": "#0"},
				"west": {"uv": [7.5, 5.5, 9.5, 6], "texture": "#0"},
				"up": {"uv": [6.75, 3.5, 4.75, 1.5], "texture": "#0"},
				"down": {"uv": [2, 5, 0, 7], "texture": "#0"}
			}
		},
		{
			"from": [1, 3, 3],
			"to": [13, 4, 13],
			"rotation": {"angle": 0, "axis": "y", "origin": [19, 11, 14]},
			"faces": {
				"north": {"uv": [7.25, 7, 10.25, 7.25], "texture": "#0"},
				"east": {"uv": [4.5, 7.75, 7, 8], "texture": "#0"},
				"south": {"uv": [7.5, 6, 10.5, 6.25], "texture": "#0"},
				"west": {"uv": [5.5, 8.25, 8, 8.5], "texture": "#0"},
				"up": {"uv": [3, 2.5, 0, 0], "texture": "#0"},
				"down": {"uv": [3, 2.5, 0, 5], "texture": "#0"}
			}
		},
		{
			"from": [1, 4, 3],
			"to": [13, 5, 13],
			"rotation": {"angle": 0, "axis": "y", "origin": [19, 12, 14]},
			"faces": {
				"north": {"uv": [7.25, 7, 10.25, 7.25], "texture": "#0"},
				"east": {"uv": [4.5, 7.75, 7, 8], "texture": "#0"},
				"south": {"uv": [7.5, 6, 10.5, 6.25], "texture": "#0"},
				"west": {"uv": [5.5, 8.25, 8, 8.5], "texture": "#0"},
				"up": {"uv": [3, 2.5, 0, 0], "texture": "#0"},
				"down": {"uv": [3, 2.5, 0, 5], "texture": "#0"}
			}
		},
		{
			"from": [1, 3, 2],
			"to": [8, 9, 3],
			"rotation": {"angle": 0, "axis": "y", "origin": [19, 11, 13]},
			"faces": {
				"north": {"uv": [2, 6, 3.75, 7.5], "texture": "#0"},
				"east": {"uv": [7.5, 8.5, 7.75, 10], "texture": "#0"},
				"south": {"uv": [3.75, 6.25, 5.5, 7.75], "texture": "#0"},
				"west": {"uv": [7.75, 8.5, 8, 10], "texture": "#0"},
				"up": {"uv": [10.25, 1.75, 8.5, 1.5], "texture": "#0"},
				"down": {"uv": [10.25, 1.75, 8.5, 2], "texture": "#0"}
			}
		},
		{
			"from": [1, 9, 2],
			"to": [8, 10, 14],
			"rotation": {"angle": 0, "axis": "y", "origin": [19, 11, 13]},
			"faces": {
				"north": {"uv": [8.5, 2, 10.25, 2.25], "texture": "#0"},
				"east": {"uv": [4.5, 8, 7.5, 8.25], "texture": "#0"},
				"south": {"uv": [8.5, 2.25, 10.25, 2.5], "texture": "#0"},
				"west": {"uv": [7.5, 8, 10.5, 8.25], "texture": "#0"},
				"up": {"uv": [4.75, 6, 3, 3], "texture": "#0"},
				"down": {"uv": [4.75, 0, 3, 3], "texture": "#0"}
			}
		},
		{
			"from": [1, 3, 3],
			"to": [2, 9, 14],
			"rotation": {"angle": 0, "axis": "y", "origin": [19, 11, 13]},
			"faces": {
				"north": {"uv": [3.5, 8.75, 3.75, 10.25], "texture": "#0"},
				"east": {"uv": [4.75, 4.75, 7.5, 6.25], "texture": "#0"},
				"south": {"uv": [3.75, 8.75, 4, 10.25], "texture": "#0"},
				"west": {"uv": [4.75, 0, 7.5, 1.5], "texture": "#0"},
				"up": {"uv": [3.25, 11, 3, 8.25], "texture": "#0"},
				"down": {"uv": [3.5, 8.25, 3.25, 11], "texture": "#0"}
			}
		},
		{
			"from": [1, 3, 13],
			"to": [8, 9, 14],
			"rotation": {"angle": 0, "axis": "y", "origin": [19, 11, 24]},
			"faces": {
				"north": {"uv": [5.5, 6.25, 7.25, 7.75], "texture": "#0"},
				"east": {"uv": [4, 8.75, 4.25, 10.25], "texture": "#0"},
				"south": {"uv": [6.75, 1.5, 8.5, 3], "texture": "#0"},
				"west": {"uv": [4.25, 8.75, 4.5, 10.25], "texture": "#0"},
				"up": {"uv": [10.25, 2.75, 8.5, 2.5], "texture": "#0"},
				"down": {"uv": [10.25, 2.75, 8.5, 3], "texture": "#0"}
			}
		},
		{
			"from": [8, 3, 13],
			"to": [14, 6, 14],
			"rotation": {"angle": 0, "axis": "y", "origin": [20, 8, 24]},
			"faces": {
				"north": {"uv": [7.25, 3, 8.75, 3.75], "texture": "#0"},
				"east": {"uv": [1, 9, 1.25, 9.75], "texture": "#0"},
				"south": {"uv": [7.25, 3.75, 8.75, 4.5], "texture": "#0"},
				"west": {"uv": [1.25, 9, 1.5, 9.75], "texture": "#0"},
				"up": {"uv": [10, 8.5, 8.5, 8.25], "texture": "#0"},
				"down": {"uv": [10.25, 3, 8.75, 3.25], "texture": "#0"}
			}
		},
		{
			"from": [8, 3, 2.1],
			"to": [14, 6, 3.1],
			"rotation": {"angle": 0, "axis": "y", "origin": [20, 8, 13.1]},
			"faces": {
				"north": {"uv": [7.25, 6.25, 8.75, 7], "texture": "#0"},
				"east": {"uv": [1.5, 9, 1.75, 9.75], "texture": "#0"},
				"south": {"uv": [2, 7.5, 3.5, 8.25], "texture": "#0"},
				"west": {"uv": [1.75, 9, 2, 9.75], "texture": "#0"},
				"up": {"uv": [10.25, 3.5, 8.75, 3.25], "texture": "#0"},
				"down": {"uv": [10.25, 3.5, 8.75, 3.75], "texture": "#0"}
			}
		},
		{
			"from": [13, 3, 3.1],
			"to": [14, 6, 13.1],
			"rotation": {"angle": 0, "axis": "y", "origin": [20, 8, 24.1]},
			"faces": {
				"north": {"uv": [2, 9, 2.25, 9.75], "texture": "#0"},
				"east": {"uv": [4.75, 3.5, 7.25, 4.25], "texture": "#0"},
				"south": {"uv": [2.25, 9, 2.5, 9.75], "texture": "#0"},
				"west": {"uv": [7.25, 7.25, 9.75, 8], "texture": "#0"},
				"up": {"uv": [8.25, 10.75, 8, 8.25], "texture": "#0"},
				"down": {"uv": [8.5, 8.25, 8.25, 10.75], "texture": "#0"}
			}
		},
		{
			"from": [7, 4, 6],
			"to": [11, 6, 10],
			"rotation": {"angle": 0, "axis": "y", "origin": [15, 12, 15]},
			"faces": {
				"north": {"uv": [1, 8.5, 2, 9], "texture": "#0"},
				"east": {"uv": [5.5, 8.5, 6.5, 9], "texture": "#0"},
				"south": {"uv": [6.5, 8.5, 7.5, 9], "texture": "#0"},
				"west": {"uv": [8.5, 8.5, 9.5, 9], "texture": "#0"},
				"up": {"uv": [3, 6, 2, 5], "texture": "#0"},
				"down": {"uv": [4.5, 7.75, 3.5, 8.75], "texture": "#0"}
			}
		},
		{
			"from": [7, 6, 5],
			"to": [11, 9, 11],
			"rotation": {"angle": 0, "axis": "y", "origin": [15, 14, 15]},
			"faces": {
				"north": {"uv": [2, 8.25, 3, 9], "texture": "#0"},
				"east": {"uv": [7.5, 0, 9, 0.75], "texture": "#0"},
				"south": {"uv": [4.5, 8.25, 5.5, 9], "texture": "#0"},
				"west": {"uv": [7.5, 0.75, 9, 1.5], "texture": "#0"},
				"up": {"uv": [1, 8.5, 0, 7], "texture": "#0"},
				"down": {"uv": [2, 7, 1, 8.5], "texture": "#0"}
			}
		},
		{
			"from": [8.25, 9, 6],
			"to": [10.5, 9.5, 10],
			"rotation": {"angle": 0, "axis": "y", "origin": [15, 17, 15]},
			"faces": {
				"north": {"uv": [8.75, 6.75, 9.25, 7], "texture": "#0"},
				"east": {"uv": [3.75, 6, 4.75, 6.25], "texture": "#0"},
				"south": {"uv": [2.5, 9, 3, 9.25], "texture": "#0"},
				"west": {"uv": [8.75, 3.75, 9.75, 4], "texture": "#0"},
				"up": {"uv": [0.5, 9.5, 0, 8.5], "texture": "#0"},
				"down": {"uv": [1, 8.5, 0.5, 9.5], "texture": "#0"}
			}
		},
		{
			"from": [9, 7, 11],
			"to": [10, 9, 13],
			"rotation": {"angle": 0, "axis": "y", "origin": [15, 14, 21]},
			"faces": {
				"north": {"uv": [4.5, 9, 4.75, 9.5], "texture": "#0"},
				"east": {"uv": [6.75, 3, 7.25, 3.5], "texture": "#0"},
				"south": {"uv": [4.75, 9, 5, 9.5], "texture": "#0"},
				"west": {"uv": [6.75, 4.25, 7.25, 4.75], "texture": "#0"},
				"up": {"uv": [5.25, 9.5, 5, 9], "texture": "#0"},
				"down": {"uv": [5.5, 9, 5.25, 9.5], "texture": "#0"}
			}
		},
		{
			"from": [9, 7, 3],
			"to": [10, 9, 5],
			"rotation": {"angle": 0, "axis": "y", "origin": [15, 14, 13]},
			"faces": {
				"north": {"uv": [5.5, 9, 5.75, 9.5], "texture": "#0"},
				"east": {"uv": [8.75, 4, 9.25, 4.5], "texture": "#0"},
				"south": {"uv": [5.75, 9, 6, 9.5], "texture": "#0"},
				"west": {"uv": [8.75, 6.25, 9.25, 6.75], "texture": "#0"},
				"up": {"uv": [6.25, 9.5, 6, 9], "texture": "#0"},
				"down": {"uv": [6.5, 9, 6.25, 9.5], "texture": "#0"}
			}
		}
	],
	"display": {
		"thirdperson_righthand": {
			"rotation": [0, 91, 0]
		},
		"firstperson_righthand": {
			"rotation": [-1, -180, 0],
			"translation": [0, 4.5, -2.75]
		},
		"firstperson_lefthand": {
			"translation": [0, 2.75, 0]
		},
		"ground": {
			"translation": [0, 3.75, 0]
		},
		"gui": {
			"rotation": [0, -89, 0]
		},
		"head": {
			"rotation": [0, 85, 0],
			"translation": [0, 1.5, 0],
			"scale": [4, 4, 4]
		},
		"fixed": {
			"rotation": [0, 91, 0],
			"translation": [0, 0, -4.75]
		}
	},
	"groups": [
		{
			"name": "group",
			"origin": [8, 8, 8],
			"children": [0, 1, 2, 3, 4, 5, 6, 7, 8, 9, 10, 11, 12, 13, 14]
		}
	]
}